OrgNo;FirmaNavn;Status;AntallAnsatte;OrganisasjonsformKode;Naeringskode
937967438;KARLSENS BILLAKKERING AS;Aktiv;10;AS;45.200
998900077;POWEROFFICE SOFTWARE AS;Slettet;;AS;
980386465;POWEROFFICE AS;Aktiv;92;AS;58.290
835000702;A MARKUSSEN AS;Aktiv;43;AS;81.300
912444465;BODØ GÅRDEIERFORENING;Aktiv;;FLI;94.110
989158910;TSI HOLDING AS;Aktiv;;AS;68.100
985818088;BYGGSIKKERHET AS;Aktiv;;AS;71.129
811987972;SØRESTRANDA EIENDOM AS;Aktiv;;AS;68.100
991758984;K. HANSEN OPTIK AS;Aktiv;13;AS;47.782
884586372;AUDIOVISUELL DISTRIBUSJON BODØ AS;Aktiv;;AS;47.430
813452642;FOTOGRAF MATS JENSAAS AS;Aktiv;5;AS;74.200
965583262;CARANORD AS;Aktiv;6;AS;45.192
997104315;NORDLYSBUEN APARTMENTS AS;Aktiv;;AS;68.209
992509503;NORDLYSBUEN PENSJONAT AS;Aktiv;;AS;55.101
914861594;MUNA AS;Konkurs;;AS;69.201
913267494;OF COURSE AS;Aktiv;;AS;70.220
988690341;ACUSTUS HOLDING AS;Aktiv;;AS;70.220
985611475;ACUSTUS HALLER AS;Aktiv;;AS;46.900
981205219;ACUSTUS MASKINERING OG HYDRAULIKK AS;Aktiv;6;AS;28.290
964854173;ACUSTUS SVEIS AS;Aktiv;25;AS;25.620
914007666;SKOHJØRNET AS;Aktiv;6;AS;47.721
981682599;BOVEL EIENDOM AS;Slettet;;AS;
950485922;ØKORÅD NARVIK AS;Aktiv;16;AS;69.201
913013670;TRUSTED ADVISORS AS;Aktiv;;AS;70.220
989452428;KONGENSGATE 14 - 18 AS;Aktiv;;AS;70.220
991559035;AKTIV SANERING AS;Aktiv;;AS;81.101
995108577;NE UTLEIE AS;Aktiv;;AS;55.201
912040127;KJØKKEN OG DESIGN AS;Aktiv;;AS;47.599
950533676;ØKORÅD EVENSKJER AS;Aktiv;10;AS;69.201
886520972;REGNSKAPSKONTORET BIZ AS;Slettet;;AS;
914246970;MODE STUDIO AS;Aktiv;11;AS;96.020
957618316;STEEN & JENSEN AS;Aktiv;14;AS;69.201
989111647;ECIT VEIBY AKONTO AS;Aktiv;45;AS;69.201
989241079;VEIBY INVEST AS;Aktiv;;AS;68.209
981319656;ELEMENT ARKITEKTER AS;Aktiv;15;AS;71.112
935085438;EDGEING HOLDING AS;Aktiv;;AS;00.000
985554595;D MATHISEN ENTREPRENØR AS;Aktiv;;AS;41.200
985836949;MERKUR REGNSKAP SA;Aktiv;24;SA;69.201
913304225;NÆRING I NORD AS;Aktiv;13;AS;73.110
967733938;NARVIK TV RØRINSPEKSJON AS;Aktiv;;AS;43.221
944886923;SKIEN REGNSKAPSKONTOR AS;Aktiv;7;AS;69.201
994185152;BARNEHAGEN VICTORIAHAVN AS;Aktiv;24;AS;88.911
999274242;HANDELSKOMPANIET SALG & SERVICE AS;Aktiv;;AS;32.990
974281163;KURPPA HOSK AS;Aktiv;23;AS;73.110
938768188;BODØ RØDE KORS;Aktiv;;FLI;88.995
971229314;NORDMALING OG BELEGG AS;Aktiv;10;AS;43.341
998088054;MILJØ RENT NORD AS;Aktiv;52;AS;81.210
997071387;HOLMEN BILSERVICE AS;Aktiv;6;AS;45.200
914269040;VEIENDOM AS;Aktiv;;AS;68.209
914943809;SOLAN TRANSPORT AS;Slettet;;AS;
940692490;URMAKERMESTER NILS K WESTRHEIM;Aktiv;;ENK;93.291
998071704;GLOBAL CONSULT AS;Aktiv;;AS;70.220
988731072;AK-REGNSKAP AS;Aktiv;6;AS;69.201
994791435;NARVIK EIENDOM AS;Aktiv;;AS;68.209
912585301;MOLOVEIEN 12 AS;Aktiv;;AS;68.320
914213924;LINDAHL AS;Aktiv;6;AS;47.523
923888985;DIN RØRLEGGER NARVIK AS;Aktiv;13;AS;43.221
814324982;TORVET AS;Aktiv;;AS;68.209
958276648;MALMEN PUB AS;Aktiv;17;AS;56.301
914443873;FRYDENLUND UTLEIE AS;Aktiv;;AS;68.209
988450073;OLE SØRSKÅR AS;Aktiv;;AS;70.220
975855635;ÅFJORD REGNSKAP AS;Aktiv;29;AS;69.201
987368675;FOSEN-HYTTA AS;Slettet;;AS;
997125835;LEKSVIK INDUSTRIMEKANIKK AS;Aktiv;15;AS;33.120
871231362;ØKONOMIHUSET FAUSKE AS;Aktiv;9;AS;69.201
911900785;NARVIK BLIKK CHR FØRE AS;Aktiv;11;AS;43.911
998635047;VICTORIA HELSE AS;Aktiv;;AS;68.209
932325101;MARKUSSENS BEGRAVELSESBYRÅ AS;Aktiv;11;AS;96.030
998635063;SKISTUA BOLIG AS;Aktiv;;AS;41.109
914469678;SCHJØNHAUG AS;Aktiv;;AS;74.101
851987142;SPAREBANK 1 REGNSKAPSHUSET NORD-NORGE AS;Aktiv;305;AS;69.201
938367078;SR-REKNESKAP AS SYKKYLVEN;Slettet;;AS;
912167429;REIDUN GULBRANDSEN REGNSKAPSKONTOR AS;Aktiv;;AS;69.201
986388346;LJUNGMANN AS;Aktiv;7;AS;25.620
922809917;HELLE NYGAARD REGNSKAPSKONTOR AS;Aktiv;;AS;69.201
914087457;LUNDE BYGG AS;Aktiv;9;AS;41.200
969026155;CORPONOR AS;Aktiv;;AS;82.990
992356960;US PROPERTY AS;Aktiv;;AS;68.100
989559869;J.K. UTLEIE AS;Aktiv;;AS;68.209
912040925;NORDISK VARME AS;Aktiv;5;AS;43.222
994744127;SULITJELMA FJELLANDSBY AS;Aktiv;20;AS;93.292
999342213;FRONT DAME OG HERREFRISØR AS;Aktiv;;AS;96.020
967253049;NARVIK BEDRIFTSHELSETJENESTE SA;Aktiv;8;SA;86.904
987877480;LYDTEAMET AS;Aktiv;19;AS;90.020
981137299;ASTAFJORD SLAKTERI AS;Aktiv;93;AS;10.202
948135264;Fjelldal Kantine AS;UnderAvvikling;;AS;56.290
999336965;GROM EIENDOM AS;Aktiv;;AS;33.120
997095987;FØRSTEHJELPSPARTNER AS;Aktiv;5;AS;46.180
980766535;NORSK IT DRIFT AS;Aktiv;5;AS;46.510
979491611;EVER AS;Aktiv;31;AS;69.201
950429992;DAGS MASKIN AS;Aktiv;14;AS;43.990
931282506;REVICOM AS;Aktiv;39;AS;69.202
958916116;ASTAFJORD SMOLT AS;Aktiv;21;AS;03.222
977520053;SANDHEI HOLDING AS;Aktiv;;AS;33.120
987309113;IMTAS PROSJEKT AS;Aktiv;110;AS;33.120
988365777;GRATANGLAKS AS;Aktiv;54;AS;03.211
984453035;STRANDVEIEN SENTER AS;Aktiv;;AS;68.209
914455456;HOPPENSPRETT NARVIK AS;Slettet;;AS;
987705507;IMTAS EIENDOM AS;Aktiv;;AS;68.209
980386465;POWEROFFICE AS;Aktiv;92;AS;58.290
997475976;NARVIK MARINA AS;Aktiv;;AS;45.112
913779509;BODØ WINDSURFING;Aktiv;;FLI;93.120
986662391;BRENDEBAKKEN VERK AS;Aktiv;;AS;82.990
998536324;TELTPROFFEN AS;Aktiv;10;AS;77.210
922633452;AIDER AS;Aktiv;1036;AS;69.201
914778824;MM PROSJEKT AS;Aktiv;;AS;41.200
989130846;TID OG PENGER AS;Aktiv;6;AS;69.201
996025349;JOHNSEN BYGG OG UTLEIE;Aktiv;;ENK;41.200
912315282;FREMMERSVIK AS;Aktiv;;AS;90.020
919807784;NARVIK BYGG AS;Aktiv;47;AS;41.200
920565395;ASPIA NORD AS;Slettet;;AS;
912270440;INDIRA AS;Aktiv;51;AS;71.121
893934162;SALTEN SPORTSFLYKLUBB;Aktiv;;FLI;93.120
914624649;EIENDOM NORD AS;Aktiv;;AS;68.209
914087309;ROGALAND SJØ AS;Aktiv;;AS;77.340
986859861;ASKVIG AS;Aktiv;;AS;03.211
991507299;ASKVIG EIENDOM AS;Aktiv;;AS;68.209
989215442;ROVI AS;Aktiv;;AS;71.129
944663002;FINNØY FISK AS;Aktiv;;AS;03.211
988397725;FISTERKAIEN AS;Aktiv;;AS;68.320
989675982;RANDØY FERIEPARK AS;Aktiv;;AS;55.300
981979583;FISTER SMOLT AS;Aktiv;19;AS;03.222
883692012;BO BYGG AS;Aktiv;;AS;41.200
992534176;KVIT VINTER AS;Aktiv;;AS;68.209
992094893;FJORDGLYTT AS;Aktiv;;AS;68.209
999330061;FATLAND KRAFT AS;Aktiv;;AS;36.000
916802048;SIGV TOMSTAD AS;Aktiv;;AS;68.209
886995482;VIGHEDLÅ AS;Aktiv;;AS;41.109
985188076;EVENTUS SANDVIKA ANS;Aktiv;;ANS;69.201
813083272;TOM LARSEN TRANSPORT AS;Slettet;;AS;
997660153;DAMA DI AS;Aktiv;18;AS;56.301
962296726;TM INVEST AS;Aktiv;;AS;68.209
995285207;TONY GRIFF PETTERSEN;Aktiv;;ENK;55.300
860671492;ARNTSEN MASKINSTASJON AS;Aktiv;;AS;43.120
931016091;INGOLF THUNE AS;Aktiv;67;AS;49.410
983976883;NARVIK SVØMMEKLUBB;Aktiv;;FLI;93.120
981883179;KRAFFTWORK ERIK N. H. KRAFFT;Aktiv;;ENK;90.012
930455393;SNEKKERMESTER VIGGO REMMAN AS;Aktiv;10;AS;41.200
984101953;JOHN JAKOBSEN TRANSPORT AS;Aktiv;10;AS;49.410
886972512;SMÅBERGAN AS;Aktiv;;AS;68.209
975506932;BOLIGSAMEIET BERGENSVEIEN 4;Aktiv;;ESEK;97.000
882574512;KOL TRANSPORT AS;Aktiv;10;AS;49.410
989077279;WOLDEN MASKIN AS;Aktiv;14;AS;43.120
998421071;ORIGO MANAGEMENT AS;Aktiv;;AS;77.110
986436510;AMARK EIENDOM AS;Aktiv;;AS;68.209
890591272;SKARVENESVEIEN 6 AS;Aktiv;;AS;68.209
989810731;GH MASKIN & MARINESERVICE AS;Aktiv;;AS;22.290
913871979;FAGERHAUG MASKIN AS;Aktiv;25;AS;43.120
988336106;KB MANAGEMENT AS;Aktiv;;AS;62.020
984127448;ØKONOMI OG REGNSKAPSPARTNER AS;Aktiv;;AS;69.201
857043022;MILLEJORDNES AS;Aktiv;;AS;56.301
995737698;LYNNE PUBLISHING AS;Aktiv;;AS;59.200
914473152;GRUNN OG BETONG ENTREPRENØR AS;Aktiv;;AS;43.990
899312252;GREEN ADVENTURE AS;Aktiv;;AS;46.370
986006869;FORLAGET 67N Rolf Liland;Aktiv;;ENK;58.190
998628083;DIREKTE REGNSKAP AS;Aktiv;;AS;69.201
995864304;JKE NARVIK AS;Aktiv;;AS;47.599
912828719;MOMENT BOLIG AS;Slettet;;AS;
966313404;EKSTERN REGNSKAP AS;Aktiv;8;AS;69.201
924400676;ESPEN ERIKSEN TRANSPORT;Aktiv;;ENK;49.320
964532753;LINDAHL EIENDOMMER AS;Aktiv;;AS;68.209
996250881;HARDER AS;Aktiv;5;AS;71.121
929199596;HARDER EIENDOM AS;Aktiv;5;AS;68.209
914917573;OPPLYST - OPPLÆRINGSKONTORET FOR YRKESFAG I SALTEN;Aktiv;;FLI;85.609
898316572;RESULTAT AS;Aktiv;;AS;69.201
996043452;KLUBBHOLMEN 6C AS;Aktiv;;AS;68.209
992401079;HS KOBBER OG BLIKKENSLAGER AS;Aktiv;;AS;43.911
914315204;LINDAHL BOLIG I AS;Aktiv;;AS;68.100
993614882;ØKORÅD NORDSALTEN AS;Aktiv;7;AS;69.201
914315263;LINDAHL BOLIG II AS;Aktiv;;AS;68.209
911810271;FOTOGRAF KAROLINE O.A.PETTERSEN AS;Aktiv;;AS;74.200
995928647;HELNESSUND BRYGGER AS;Aktiv;40;AS;55.202
916498136;WKN AS;Aktiv;;AS;69.202
815143272;STIAN STEFFENSEN AS;Aktiv;;AS;74.901
912107574;HARDWOODS AS;Aktiv;;AS;71.121
992864281;AURORA DESIGN & MEDIA AS;Aktiv;;AS;74.102
848072222;MAESTRO SOFT AS;Aktiv;39;AS;58.290
976470265;FREDING TRANSPORT AS;Aktiv;;AS;43.120
989158953;KULTA INVEST AS;Aktiv;;AS;93.291
992093382;ODD LUNDBERG AS;Aktiv;15;AS;03.111
992508949;ØSTERDALEN GOLFBANE AS;Aktiv;;AS;93.110
911698420;BY NORTH AS;Aktiv;7;AS;74.102
912899586;EMONKEY AS;Aktiv;;AS;62.020
980386465;POWEROFFICE AS;Aktiv;92;AS;58.290
913663837;VAXA PROPERTY AS;Aktiv;17;AS;68.320
811573582;BY1BIL AS;Aktiv;;AS;45.320
913172817;FORSIKRING HELGELAND AS;Aktiv;;AS;66.220
813322072;WAAG PRODUKSJONER AS;Konkurs;;AS;59.110
914092051;HOME BIZ LAUNCH PAD AS;Aktiv;;AS;73.110
915294626;SUPERTUNE AS;Aktiv;;AS;47.522
915248039;HEIDITT AS;Aktiv;;AS;70.220
913018486;AMUNDSEN RØR AS;Aktiv;;AS;43.221
912282554;FELL TECHNOLOGY AS;Aktiv;34;AS;71.129
915104495;KBI FINANCIAL MANAGEMENT AS;Aktiv;;AS;70.220
915338259;SENZU FRISØR AS;Aktiv;;AS;96.020
986551999;SHS EIENDOM AS;Aktiv;;AS;68.209
915131794;OSLO BYGG- OG HÅNDVERKSERVICE V/ JESS MØLLER;Aktiv;;ENK;41.200
987902736;BOLIGSERVICE NARVIK AS;Aktiv;;AS;41.200
988591637;A MARKUSSEN HOLDING AS;Aktiv;;AS;68.209
976096215;JARNES MØBLER AS;Aktiv;5;AS;31.090
912784037;ØYJORD RIDEHALL AS;Aktiv;;AS;68.209
986516689;EQUIE CONSULTING Sissel Bjørklund;Aktiv;9;ENK;02.200
915018238;ZOOEXPRESSEN AS;Aktiv;13;AS;47.762
915125948;MODELL HOBBY AS;Slettet;;AS;
914948142;ADWICE AS;Slettet;;AS;
923435271;MOHO AS;Aktiv;;AS;68.209
914735084;SPEKTOR ADVOKAT AS;Aktiv;;AS;69.100
912326497;NORTH WINE & SPIRITS AS;Aktiv;;AS;46.341
915555594;EA BYGG OG BETONG AS;UnderAvvikling;;AS;43.990
958027028;JAKLAMYRA BARNEHAGE SA;Aktiv;18;SA;88.911
970235760;BEISFJORD VANNVERK SA;Aktiv;;SA;36.000
970890696;VIKTOR BERG TRANSPORT AS;Aktiv;8;AS;49.410
988413356;FOLDVIK BRYGGEFERIE AS;Aktiv;;AS;55.202
993168262;STIGMA SALG OG TJENESTER AS;Aktiv;;AS;46.694
915662757;TRAFIKKSKOLA START AS;Aktiv;;AS;85.530
913752058;DIN GARTNER-KAWA AS;Aktiv;8;AS;81.300
912185001;MEE AS;Aktiv;;AS;62.020
914150132;EMPTUM AS;Aktiv;;AS;70.220
936066798;LUNT HUS AS;Aktiv;;AS;68.209
987520507;SISOMAR AS;Aktiv;22;AS;03.222
994235729;SDG TBWA AS;Aktiv;13;AS;70.210
980386465;POWEROFFICE AS;Aktiv;92;AS;58.290
995748711;SERVERSKY AS;Slettet;;AS;
981894197;NEON TATTOO STUDIO AS;Aktiv;;AS;68.209
976221079;HANNE E LYNNE;Aktiv;;ENK;01.620
989557580;AM BYGG AS;Aktiv;5;AS;41.200
948155184;NORD NORSK SPEDISJON AS;Aktiv;;AS;52.291
915664466;BIO DRIFT AS;Aktiv;;AS;71.129
915717888;CLARIFY AS;Aktiv;;AS;62.010
947857169;TANDEM AS;Aktiv;30;AS;69.201
967708933;JEK REGNSKAP AS;Aktiv;9;AS;69.201
925808571;HALSTEINSLID AS;Aktiv;6;AS;69.201
913981960;BRØDRENE STORMO AS;Aktiv;;AS;41.200
862655222;JENS ARNE HAGEN STATSAUT REVISOR;Aktiv;;ENK;69.202
996160394;ÅFJORD UTVIKLING AS;Aktiv;;AS;41.109
995992345;FRYD FRISØR AS;Aktiv;;AS;96.020
919732873;KURSJENTENE AS;Aktiv;;AS;85.599
815822102;TELLUS TRADING AS;Aktiv;;AS;73.110
985394717;ANLEGGSSERVICE AS;Aktiv;13;AS;43.120
940426987;UNGE KUNSTNERES SAMFUND;Aktiv;27;FLI;94.991
994056689;EVER TRONDHEIM AS;Aktiv;13;AS;69.201
986442715;SØRBY GARTNERI AS;Aktiv;27;AS;01.130
943785805;VEST-TELEMARK REKNESKAPSSERVICE AS;Aktiv;9;AS;69.201
981241150;ODAL ØKONOMI AS;Aktiv;38;AS;69.201
969239612;MAMEN HANS TORER DØDSBO;Slettet;;ENK;
980906965;ECHAS REVISJON AS;Aktiv;10;AS;69.202
987628065;PREMIO AS;Aktiv;;AS;69.201
976431189;SALTENPOSTEN AS;Aktiv;9;AS;58.130
891324472;RØMBY AS;Slettet;;AS;
952617443;ENIMENTE AS;Aktiv;6;AS;69.201
971435216;NY MUSIKK;Aktiv;5;FLI;90.020
995967758;DET ANDRE TEATRET AS;Aktiv;23;AS;90.040
988791369;TARAN AS;Aktiv;6;AS;90.020
911648733;BEDRE ØKONOMITJENESTER AS;Aktiv;11;AS;69.201
957771823;NICO HÅNDVERK MALERMESTER STEN YTTERVIK AS;Aktiv;11;AS;43.341
816073502;IPROSESS AS;Aktiv;;AS;70.220
997291212;JRP DISTRIBUSJON AS;Aktiv;;AS;49.410
890419062;MØRETRAPP AS;Aktiv;;AS;43.320
916573065;ITEAM 2 AS;Aktiv;47;AS;62.030
960896998;LYNGHEIA BARNEHAGE AS;Aktiv;30;AS;88.911
974379511;DIBKUNNSKAP AS;Aktiv;45;AS;58.290
959264848;MASKINHOLDER ARILD SKARSEM;Aktiv;;ENK;43.120
989996223;BYGGMESTER LILJEBAKK AS;Aktiv;33;AS;41.200
980651169;ROYAL OPTIKK AS;Aktiv;5;AS;47.782
994298275;ASKELADDEN BARNEHAGE SA;Aktiv;16;SA;88.911
915289452;PUMPA AS;Aktiv;;AS;47.300
916122160;ÅFJORDSKROA DIJAM AS;Aktiv;8;AS;56.101
995221608;ADATO AS;Aktiv;7;AS;62.010
926067303;VIKEN ØKONOMI AS;Aktiv;9;AS;69.201
916056281;DINORD EIENDOM AS;Slettet;;AS;
995377969;ALVEN DAME OG HERREFRISØR AS;Aktiv;5;AS;96.020
912428532;ASTAFJORD INDUSTRIER AS;Aktiv;;AS;68.209
974645130;FUTURUM AS;Aktiv;5;AS;82.990
999057888;HÅLOGALAND BRØNN- OG ENERGIBORING AS;Konkurs;;AS;42.210
990040907;MERK-KJEDEN AS;Aktiv;;AS;73.110
912403602;MØRE RØR AS;Aktiv;6;AS;43.221
971482435;MALMKLUMPEN BARNEHAGE SA;Aktiv;15;SA;88.911
916027699;KP SERVICE NORD AS;Aktiv;;AS;81.101
912548686;MALERMESTER VINTERSTAD AS;Aktiv;;AS;43.341
987416874;NARVIK KAPITAL AS;Aktiv;;AS;64.306
997869273;SOLBES AS;Aktiv;;AS;71.200
977097347;NORDSALTEN AVIS AS;Aktiv;14;AS;58.130
912185613;SIVERTSEN TREBYGG AS;Aktiv;;AS;41.200
916158432;N BYGG AS;Aktiv;;AS;43.320
990310513;ARCTIC SPILL CONTROL AS;Aktiv;;AS;39.000
966376724;ASCAS MILJØ AS;Aktiv;5;AS;39.000
916047622;JAA EIENDOM AS;Aktiv;;AS;68.209
945988924;ITIDE ØKONOMI AS;Slettet;;AS;
971048891;STRANDGATA EIENDOM AS;Aktiv;;AS;68.209
915107656;ASKVIK AQUA AS;Aktiv;;AS;03.213
914397111;VERIFIED AS;Aktiv;13;AS;62.010
916185405;SIGNE GREIVSTAD AS;Aktiv;;AS;86.904
961517575;NIVO AS;Aktiv;;AS;69.201
914856051;BERGSPRENGEREN AS;Aktiv;;AS;43.120
984404662;OSLO POLITIETS PENSJONISTFORENING (OPP);Aktiv;;FLI;94.991
988561835;ALTIEIK AS;Aktiv;;AS;31.090
912797589;DIN BYGGPARTNER AS;Aktiv;;AS;41.200
811903922;ECONOMICA AS;Aktiv;;AS;70.220
816235502;INDUSTRISTÅL AS;Aktiv;;AS;46.720
916215215;SMÅLOPPENE AS;Aktiv;10;AS;47.792
929408039;CATWALK AS;Aktiv;12;AS;47.710
929794729;FOLKI AS;Aktiv;;AS;88.994
932925982;UDELT AS;Aktiv;7;AS;62.020
979775571;RAMBERG BYGGEVARER AS;Aktiv;9;AS;47.522
912872122;FYRESDAL NÆRINGSHAGE AS;Aktiv;;AS;70.220
917855056;SIGVART ASLE LIE;Aktiv;;ENK;68.209
976861213;HURD ØKONOMI & REGNSKAP AS;Aktiv;10;AS;69.201
971155450;PROBUS AS;Aktiv;6;AS;69.201
916094051;BJØRNS BIL AS;Aktiv;;AS;45.112
951869880;FRAM KINO AS;Aktiv;18;AS;59.140
990078424;ARENA DRIFT AS;Aktiv;;AS;93.110
981470850;NARVIK RIDESKOLE SKJOMEN AS;Aktiv;5;AS;93.190
915991262;VESTFOLD TRUCKSERVICE AS;Aktiv;12;AS;33.120
979924720;NETWORK BROKING AS;Aktiv;;AS;46.180
929551265;STS - SURFACE TREATMENT SYSTEMS AS;Aktiv;;AS;46.750
916283776;APPLETIFY AS;Aktiv;;AS;47.990
987770384;ECIT BUSINESS PARTNER PLUSS AS;Aktiv;7;AS;69.201
999150985;LYN EIENDOM AS;Aktiv;;AS;68.100
989957422;DIN REGNSKAPSFØRER AS;Aktiv;;AS;69.201
982848547;NESTTUN BLOMSTER AS;Aktiv;8;AS;47.761
993253375;N.K.S. KLØVERÅSEN AS;Aktiv;44;AS;86.104
987447702;ØKORÅD HADSEL AS;Aktiv;13;AS;69.201
939611908;ADMIT AS;Aktiv;;AS;70.220
979713894;JANSSON & LARSEN REGNSKAP AS;Aktiv;22;AS;69.201
997626079;DEGREE AS;Aktiv;12;AS;62.020
980386465;POWEROFFICE AS;Aktiv;92;AS;58.290
915498892;ULVSVÅG EIENDOM AS;Aktiv;;AS;68.209
915703534;TØYEN SPORTSKLUBB;Aktiv;82;FLI;93.120
916346220;UNDO AS;Aktiv;5;AS;86.909
981563794;NARVIK HESTESPORTSENTER SKJOMEN AS;Aktiv;;AS;93.110
989410164;STRANDGATA 30 EIENDOM SORTLAND AS;Aktiv;;AS;68.209
992890002;IDE MØBLER BODØ AS;Slettet;;AS;
995682621;MARIELA FRISØR AS;Aktiv;5;AS;96.020
994251104;STYLIST-X AS;Aktiv;;AS;96.020
977558093;GRAF AS;Aktiv;;AS;74.102
916078161;CFO REGNSKAP AS;Aktiv;;AS;69.201
988784710;DEN4DOGS AS;Aktiv;;AS;32.990
973199730;NOVATEK AS;Aktiv;7;AS;71.122
990078408;ARENA BYGG AS;Aktiv;;AS;41.200
915329969;SEASMART AS;Aktiv;;AS;71.129
926091980;SOLUM BOKVENNEN AS;Aktiv;17;AS;58.110
968921746;BOKVENNEN FORLAG AS;Aktiv;;AS;58.110
964115176;VIDARFORLAGET AS;Aktiv;;AS;58.110
941139876;TRANSIT AS;Aktiv;;AS;58.110
983041809;VESTVÅGØY REGNSKAP AS;Aktiv;7;AS;69.201
997066782;VARANGER REGNSKAP AS;Slettet;;AS;
935490650;YRKESLITTERATUR AS;Aktiv;;AS;58.110
980584380;GAIDAROS FORLAG AS;Aktiv;;AS;58.190
931454382;GRATANGEN MEKANISKE INDUSTRI AS;Aktiv;18;AS;28.920
919679573;TRAFIKKJENTENE AS;Aktiv;73;AS;52.219
970509518;RUNA WELLE GRAVFERD, DEKORATØR OG TENESTER;Aktiv;;ENK;96.030
997604296;DEGREE HOLDING GROUP AS;Aktiv;;AS;68.209
893823972;FILEMAIL AS;Aktiv;;AS;63.120
988259977;ØKORÅD ØKSNES AS;Aktiv;9;AS;69.201
912079007;FN EIGEDOM AS;Aktiv;;AS;68.209
979473141;APTO AS;Aktiv;16;AS;62.020
939532595;GREFSEN AS;Aktiv;9;AS;68.209
971259582;BÆRUM NÆRINGSRÅD;Aktiv;;FLI;94.110
893509992;VESTERÅLEN VARMEPUMPER AS;Aktiv;;AS;43.222
953686295;HØYDEPUNKT ARRANGEMENTSSERVICE AS;Aktiv;11;AS;79.903
971402423;SKÅNLAND STALL OG RIDEKLUBB;Aktiv;;FLI;01.620
995256673;NORDLANDSMAT AS;Aktiv;;AS;46.390
915467970;FOSENTERMINALEN BESSAKER AS;Aktiv;;AS;52.211
992797576;BÆRUM REGNSKAP AS;Aktiv;5;AS;69.201
988939757;NORDIC NATURALS AS;Aktiv;;AS;46.330
921091087;BALLSTADØY AS;Slettet;;AS;
965630201;HJØRNEKIOSKEN EIENDOMMER AS;Aktiv;;AS;68.209
996768910;MELBU FOLKEBAD SA;Aktiv;11;SA;93.110
916242360;DP ØYA EIENDOM AS;Aktiv;;AS;88.996
980562484;SONJA BLOMSTER AS;Aktiv;10;AS;47.761
916276273;PARKEN BLOMSTER AS;Aktiv;;AS;47.761
993624268;BALLOONBURGER AS;Aktiv;8;AS;56.101
962077447;NITSCHKE & BORGTING ØKONOMIBYRÅ AS;Slettet;;AS;
971437286;STIFTELSEN KUNSTNERNES HUS;Aktiv;44;STI;90.011
916481063;SOMETHING FROM NOTHING CHRISTIAN  LORENTSEN;Aktiv;;ENK;59.200
995257610;MAURTUA PRIVATE BARNEHAGE AS;Aktiv;11;AS;88.911
911873095;NILSEN REVISJON;Aktiv;;ENK;69.202
989289292;HEMEK AS;Aktiv;;AS;71.129
989158953;KULTA INVEST AS;Aktiv;;AS;93.291
984353693;TRANSPORT SERVICE NORDLAND AS;Slettet;;AS;
998835909;KRINGLA AS;Aktiv;39;AS;10.710
997844475;EIDCON ØKONOMI AS;Aktiv;;AS;69.201
938683913;ADB-SENTERET AS;Aktiv;14;AS;69.201
989194380;PEKAMA AS;Aktiv;;AS;70.220
969078082;MOTUS AS;Aktiv;;AS;62.010
970321160;LILJEBAKK SVENN H;Aktiv;;ENK;41.200
831087692;ECONPARTNER AS;Aktiv;43;AS;69.201
998053013;EGIL BYGGTJENESTE AS;Aktiv;9;AS;41.200
997278356;BLICHFELDT TANGEN FJELD MÅLGRUPPEINNSIKT AS;Aktiv;;AS;70.220
983821057;ODDBJØRN ULLESTAD;Aktiv;;ENK;43.120
994679708;FRAP EIENDOM AS;Slettet;;AS;
946063940;GRANT THORNTON ØKONOMISERVICE AS;Aktiv;26;AS;69.201
951499072;KALLESTEN REVISJON OG REGNSKAP AS;Aktiv;23;AS;69.202
954680541;JM BILSALG NYBRÅTEN;Aktiv;;ENK;45.112
996251837;FRAJO AS;Aktiv;;AS;68.209
912206599;V1 INVEST AS;Aktiv;;AS;68.209
988067687;FISKEHALLEN DRIFT AS;Aktiv;16;AS;47.230
914549760;NERDRUMS OPMAALING AS;Aktiv;12;AS;71.123
982396778;ENVISION IT AS;Aktiv;;AS;62.020
971577061;BOSSMO & YTTEREN IL;Aktiv;;FLI;93.120
970306161;IL STÅLKAMERATENE;Aktiv;;FLI;93.120
814531082;AVANT;Aktiv;;FLI;94.991
969809834;ØYVIND HELGE FØRRE;Aktiv;;ENK;01.410
989021214;NÅDEN INVEST AS;Aktiv;;AS;47.642
965630767;STEFFENSEN MASKIN & TRANSPORT AS;Aktiv;5;AS;43.120
994617834;NARVIKSENTERET - NORDNORSK STIFTELSE FOR HISTORIEFORMIDLING, MENNESKERETTIGHETER OG FREDSBYGGING;Aktiv;25;STI;91.022
948195003;STIFTELSEN NYBO;Aktiv;6;STI;68.209
991091025;LYSTPÅ AS;Aktiv;33;AS;56.210
913251563;BIOSELECT NORGE AS;Slettet;;AS;
995605406;SALT LOFOTEN AS;Aktiv;26;AS;72.110
990390886;ISOS EIENDOM AS;Aktiv;;AS;68.209
913459253;RS1 BYGG AS;Aktiv;11;AS;41.200
998320399;STARWORKS AS;Aktiv;;AS;74.903
912899586;EMONKEY AS;Aktiv;;AS;62.020
983200532;CLARIFY HOLDING AS;Aktiv;;AS;70.220
991941495;NORWEGIAN ADVENTURE COMPANY AS;Aktiv;6;AS;93.291
983592945;KONTOR RENHOLD AS;Aktiv;5;AS;81.210
920533248;KONKYLIEN AS;Aktiv;;AS;73.110
991921494;STEIGEN VERTSHUS AS;Aktiv;19;AS;55.101
968651242;ATLANTERPRODUKTER AS;Aktiv;12;AS;43.919
999114954;INCUBE AS;Aktiv;;AS;70.220
957701752;OFOTEN TAKST AS;Aktiv;;AS;71.121
985448663;DITT TILTAK AS;Aktiv;;AS;88.991
924993464;FOSEN TRAFIKKSKOLE AS;Aktiv;6;AS;85.530
984036949;LOFOTHAVN AS;Aktiv;;AS;68.209
880589652;NARVIKING AS;Aktiv;;AS;52.219
980397378;HARSTAD OG OMLAND BILBERGING AS;Aktiv;;AS;52.219
897380552;OPTITUNING AS;Aktiv;6;AS;45.200
895435392;KATO ANLEGG AS;UnderAvvikling;;AS;43.120
988350362;CAPIENT AS;Aktiv;19;AS;70.220
913537521;AS CLAUS RIIS GATE 6;Aktiv;;AS;68.320
914949181;PERITUS INVEST AS;Aktiv;;AS;68.100
960580168;FREEFORM Bård Selfors;Aktiv;;ENK;74.102
967866032;BRØDRENE JACOBSEN AUT RØRLEGGERBEDRIFT AS;Slettet;;AS;
997626079;DEGREE AS;Aktiv;12;AS;62.020
984573308;BLÅST AS;Aktiv;15;AS;23.130
913158881;STUDIO VESTNES AS;Aktiv;;AS;90.033
998190940;ROSNES PRODUKSJON AS;Aktiv;15;AS;01.190
998304954;ROSNES GÅRDSDRIFT AS;Aktiv;42;AS;01.130
952636014;AS SCENARIO INTERIØRARKITEKTER MNIL;Aktiv;12;AS;74.103
975419495;GRATANGEN IDRETTSLAG;Aktiv;;FLI;93.120
986665773;STIFTELSEN STEINERBARNEHAGEN ROTNISSEN;Aktiv;32;STI;88.911
996760006;HILDONENS TRANSPORTSERVICE AS;Aktiv;23;AS;49.410
989081438;HOLTET BYGG & TAKSERING AS;Slettet;;AS;
987918012;ÅRBOGEN TRANSPORT AS;Aktiv;29;AS;49.410
911955598;TOTA AS;Aktiv;;AS;77.310
925947210;ACCOUNTOR HAMAR AS;Aktiv;28;AS;69.201
995826178;NORSKE NATURFOTOGRAFER;Aktiv;;FLI;94.991
930083305;VB SYKKYLVEN RØR AS;Slettet;;AS;
993734977;PROMAL AS;Aktiv;7;AS;43.341
914084466;MOUCHIOUSE MUSIC AS;Aktiv;;AS;90.011
990230099;BORETTSLAGET MULTEBÆRHOLMEN SJØHUS 1;Aktiv;;BRL;68.201
997592646;SB PRODUKSJONER AS;Aktiv;;AS;74.903
912250423;TANNLEGENE BERGSDAL OG SKULBRU AS;Aktiv;;AS;86.230
988350923;ADVOKATFIRMAET HIENN AS;Slettet;;AS;
998551609;NORFLOOR LOFOTEN AS;Aktiv;;AS;46.739
981047168;HÅRSVEISEN AS;Aktiv;;AS;96.020
913472853;EXCITER AS;Aktiv;;AS;70.220
993763233;GALLERI RAMFJORD AS;Aktiv;9;AS;90.033
916497083;MJELVA INVEST AS;Aktiv;;AS;68.209
987209704;AJOUR REGNSKAP MANDAL AS;Aktiv;7;AS;69.201
912860647;FELL MARINE HOLDING AS;Aktiv;;AS;71.129
916523270;VAXA GROUP AS;Aktiv;;AS;68.100
994698672;FÜRST & FAR FILM OG FJERNSYN AS;Aktiv;;AS;59.110
912561259;ARCTIC REIN OG VILT AS;Aktiv;9;AS;10.130
982585058;MASKINENTREPRENØR KRISTIAN KRISTIANSEN AS;Aktiv;40;AS;42.210
891677812;BODØ VOLLEY;Aktiv;;FLI;93.120
916497210;AAG TRAFIKKSKOLE AS;Aktiv;;AS;85.530
985606633;GEOLOFOTEN AS;Aktiv;6;AS;71.123
813837692;TYTLANDSVIK AQUA AS;Aktiv;36;AS;03.212
915493157;HÅRSTRÅET FRISØR NARVIK AS;Aktiv;5;AS;96.020
926087703;ØKONOMIBYRÅET AS;Slettet;;AS;
916570422;CHANG LEONARD AS;Aktiv;5;AS;96.020
983149065;MANDALITTEN RESTAURANTDRIFT AS;Slettet;;AS;
912738418;LU CONSULT AS;Aktiv;;AS;71.129
988936871;FAUSKE IDRETTSLAG ALPINT;Aktiv;;FLI;93.120
981580915;RØRLEGGERFIRMA VVS-PROFFEN AS;Aktiv;10;AS;43.221
993044059;NORDVARANGER EIENDOM AS;Aktiv;;AS;68.320
996761916;VILLA EIENDOMSUTVIKLING AS;Aktiv;;AS;41.200
999562728;JLP INVEST AS;Slettet;;AS;
916263074;TEMP HOLDING AS;Aktiv;;AS;55.202
956781302;ÁJVAN ØKONOMI AS;Slettet;;AS;
987632380;GRANT THORNTON REVISJON AS;Aktiv;39;AS;69.202
914813123;NORWAY DESIGNS AS;Aktiv;17;AS;47.789
916306962;SØRJOH AS;Slettet;;AS;
911712644;HOTSPUR HOLDING AS;Aktiv;;AS;68.310
916611145;GN BYGG AS;Aktiv;;AS;41.200
917934436;ÅBYGG AS;Aktiv;11;AS;41.200
983982964;OLE LILJEBAKK AS;Aktiv;;AS;41.200
985024510;RIMO REKLAME AS;Aktiv;9;AS;18.120
923774688;KBE MASKINUTLEIE AS;Aktiv;12;AS;77.390
916061269;BALLANGEN AUTOSENTER AS;Aktiv;;AS;33.120
957508979;BOLIGSERVICE AS;Aktiv;14;AS;47.521
983715737;BOLIGINNREDERNE AS;Aktiv;5;AS;74.103
988325686;GLASS I NOR SOLSKJERMING AS;Aktiv;;AS;43.290
990018472;K.THORBERGSEN MEKANISKE AS;Aktiv;;AS;25.620
980965686;FAGERNESVEIEN 4 AS;Aktiv;;AS;68.209
996399567;FASADE & BOLIGTEKNIKK AS;Konkurs;;AS;43.320
992829990;NORDSALTEN BLIKK AS;Aktiv;;AS;43.911
997034112;BERGE ANLEGG AS;Aktiv;;AS;43.120
969109689;VETERANMOPEDEN.NO CHRISTIAN WESTYE EGEBERG;Aktiv;;ENK;46.750
816561752;THORIR.PHOTO AS;Aktiv;;AS;74.200
971172207;KVITO AS;Aktiv;8;AS;88.994
996034534;FIRST SCANDINAVIA PARTNER AS;Aktiv;;AS;85.609
880706802;PLEYMS HVITEVARE SERVICE;Slettet;;ENK;
963679157;STIFTELSEN KFUK-KFUM FOLKEHØGSKOLEN NORD-NORGE;Aktiv;15;STI;85.591
998469597;BJØRN FRISØR AS;Aktiv;15;AS;96.020
875792032;CENTRUM EIENDOM AS;Aktiv;;AS;41.109
895745952;MARIUS DESIGN AS;Aktiv;;AS;74.102
984086156;PROXIMA EIENDOM AS;Aktiv;;AS;68.209
989837680;TIVA AS;Aktiv;;AS;85.599
992356898;DIRECTA AS;Aktiv;22;AS;69.201
986464492;OPTIMAL REGNSKAP AS;Aktiv;10;AS;69.201
995606038;ROY HJELMELAND;Aktiv;;ENK;55.202
984633599;GRØNT VEDLIKEHOLD AS;Aktiv;6;AS;81.300
971435828;NORSKE GRAFIKERE;Aktiv;6;FLI;94.120
932757249;HUNDVÅG FYSIKALSKE INSTITUTT AS;Aktiv;;AS;86.902
912009181;AS GLEA;Aktiv;35;AS;10.201
911806800;MAESTRO EIENDOM AS;Aktiv;;AS;68.320
997024966;MEKO HOLDING AS;Aktiv;;AS;45.200
948235757;STEIGEN OLJESERVICE AS;Aktiv;23;AS;46.710
882456412;NORDHEALTH NORWAY AS;Aktiv;21;AS;58.290
992132957;SANIMALIS NORGE AS;Slettet;;AS;
991445749;HAMARØY VEKST AS;Aktiv;5;AS;88.994
923627804;ODDMUND GROVEN AS;Aktiv;37;AS;49.410
912066258;VESTSIDEN TANNLEGEKONTOR AS;Aktiv;11;AS;86.230
979889402;ELDA FOODS AS;Aktiv;5;AS;10.710
971590734;AMPHIBIA AS;Aktiv;;AS;69.201
998362709;S.E.P. CONSULT AS;Aktiv;5;AS;71.121
911894122;HAVBÅRA AS;Aktiv;;AS;03.111
998131669;JONUS AS;Aktiv;;AS;41.200
916210264;HYGGLO AS;Aktiv;;AS;62.010
980387984;MALERIET AS;Aktiv;;AS;43.341
998896312;KIKITEPE AS;Aktiv;;AS;90.011
912737551;MANAGE AS;Aktiv;;AS;68.209
921440626;GRAVALID EIENDOM AS;Aktiv;;AS;68.209
988777773;A CAPELLA AS;Aktiv;;AS;58.290
998322367;BB MONTERING AS;Aktiv;8;AS;41.200
992932767;NORHEIM REGNSKAP AS;Aktiv;7;AS;69.201
974349191;NORDISK FILM- OG TV-FOND;Aktiv;8;ANNA;94.992
982587190;FIRST SCANDINAVIA STI;Aktiv;20;STI;94.992
911912805;KRAN OG ENTREPRENØRTJENESTER AS;Aktiv;12;AS;43.120
912892220;UNITED INFLUENCERS NORWAY AS;Aktiv;;AS;90.035
981648714;PTP PARTNER EIENDOM AS;Aktiv;;AS;68.209
916683898;ESSAL HHD AS;Aktiv;;AS;55.101
966890134;DET LILLE KJØKKEN AS;Aktiv;30;AS;56.102
997594541;GARAGE 15 AS;Aktiv;8;AS;46.620
988639702;FROST ANIMATION Tor Øra;Aktiv;;ENK;59.120
998796938;STRANDA FJELLGREND AS;Konkurs;;AS;41.109
919332646;ARTH. NORDERHAUG'S EFTF. AS;Aktiv;7;AS;25.610
985435588;MIKALSEN FILM OG VIDEO;Aktiv;;ENK;47.410
922173478;OPUS ØKONOMI AS;Aktiv;;AS;69.201
897723662;OASEN TANNLEGE-SENTER AS;Aktiv;7;AS;86.230
891991312;KYSTBUTIKKEN AS;Aktiv;;AS;47.111
958167806;BYGG OG TØMRERMESTER JARLE SØRENSEN;Aktiv;;ENK;41.200
994492772;RAMBERG FISK AS;Slettet;;AS;
988306665;UGEDAL ENERGI AS;Aktiv;;AS;35.111
996487857;GUSTERUD BYGG AS;Aktiv;16;AS;41.200
985984247;BARNEHAGEN VIER SA;Aktiv;22;SA;88.911
999597599;EIDSVOLL EIENDOMSUTVIKLING AS;Aktiv;;AS;41.109
919827432;CADENA AS;Aktiv;;AS;68.100
916548311;POTT OG PANNE AS;Aktiv;;AS;74.903
926441523;NN REGNSKAP AS;Aktiv;;AS;69.201
999627536;NARVIK FLIS OG OVNSMONTASJE AS;Aktiv;;AS;43.990
936979505;KG CONSULT INDUSTRIPRODUKTER AS;Aktiv;;AS;46.900
947719068;NORDNORSKE ENTREPRENØRERS SERVICEORGANISASJON SA;Aktiv;21;SA;94.110
992657960;HOLMSNES VANNVERK SA;Aktiv;;SA;36.000
985066302;STIFTELSEN HUMAN RIGHTS SERVICE HRS;Aktiv;;STI;94.991
940964393;TRIBUTUM AS;Aktiv;;AS;81.210
958869355;BEVEREN SPORT Erik Haraldsen;Aktiv;;ENK;47.641
914817080;LEGE BERNARD HOLTHE AS;Aktiv;;AS;86.211
916672446;TAPEBOOK AS;Aktiv;;AS;46.694
916750382;M. ELLINGSEN SKOGSDRIFT AS;Aktiv;;AS;02.400
993769096;INVENTECH AS;Aktiv;;AS;71.129
916708890;VENTURA FORLAG AS;Aktiv;;AS;58.110
914836433;NESSET SPISERI AS;Aktiv;5;AS;56.101
992567422;TREUNGENFESTIVAL AS;Aktiv;;AS;90.020
992234547;FREJAN AS;Aktiv;;AS;68.209
974432153;T HAVN AS;Aktiv;;AS;69.201
916612745;SUSANNASONATA AS;Aktiv;;AS;90.011
991243542;MOTOR & MARINE ROTSUND AS;Aktiv;5;AS;45.112
914015170;TORE HAUGO;Aktiv;;ENK;49.320
977298628;KNAI & KNAI AS;Aktiv;;AS;74.909
983744745;SPORT1 HVITTINGFOSS AS;Aktiv;7;AS;47.641
996741419;MASKIN-INVEST AS;Aktiv;;AS;46.694
816765552;TK BETONG OG GRUNN AS;Aktiv;;AS;71.121
885413692;MARTIN FRELTOFTE BYGG;Aktiv;;ENK;41.200
970946853;HELGELAND FOLKEHØYSKOLE;Aktiv;;SÆR;85.591
999594689;LANGNESVÆRING AS;Aktiv;;AS;03.111
912109356;MYREVÆRING AS;Aktiv;;AS;03.111
930962392;NORD-NORGE EIENDOMSSELSKAP AS;Aktiv;;AS;68.209
993384437;ALLTIDKLAR HYTTESERVICE AS;Aktiv;;AS;43.320
976107209;HENRY HANSEN OPTIKK AS;Aktiv;;AS;47.782
982150086;HENRY HANSEN EIENDOM AS;Aktiv;;AS;68.209
911798778;BODØ ANDELSLANDBRUK SA;Aktiv;;SA;01.130
951878863;NARVIK BILUTLEIE AS;Aktiv;;AS;77.110
980398730;BM-TRADING EIENDOM BJØRN MARTINSEN AS;Aktiv;;AS;68.209
912172910;ARCTIC CHEF AS;Aktiv;;AS;56.290
914884748;HENRIKSEN VENTILASJON AS;Aktiv;40;AS;43.223
998643511;STENE JOHANSEN AS;Aktiv;11;AS;81.300
980738787;REGNSKAPSTEAM HALLINGDAL AS;Aktiv;11;AS;69.201
925348589;LIFT ME AS;Aktiv;10;AS;77.320
975257665;TANGO HÅR OG TERAPI Jorun Margrete Alvær Hauge;Aktiv;;ENK;96.020
995073307;ORKLA HEALTH OCEAN AS;Aktiv;30;AS;10.411
915837328;MOMENT BYGG AS;Slettet;;AS;
815497732;EVJA PROPERTY AS;Aktiv;;AS;68.100
989699571;SIRANEE'S THAIMAT V/SIRANEE UPAWONG VIKEN;Aktiv;;ENK;56.210
816827922;R HANSEN AS;Aktiv;;AS;77.320
915126847;FORMULA LEASING AS;Aktiv;;AS;77.110
995285835;ODIN ENTREPRENØRFIRMA AS;Aktiv;13;AS;43.341
916763018;YTTEREN IDRETTSPARK EIENDOM AS;Aktiv;;AS;68.209
951575003;BUHOLMENS BYGGESELSKAP AS;Aktiv;9;AS;68.100
995811685;TEAMWORK NORWAY AS;Slettet;;AS;
998040663;STAVSET CONSULT AS;Aktiv;;AS;71.121
961050316;KALLE AS;Aktiv;9;AS;55.202
998791782;MORTENSEN KYSTFISKE AS;Aktiv;;AS;03.111
998836883;NARVIK BETONGBRYGGER AS;Aktiv;;AS;23.610
992105259;LILLEROVDE MASKIN AS;Aktiv;11;AS;43.120
913667204;NORDFRA AS;Aktiv;;AS;62.010
915558097;MILJØ CONTAINER AS;Aktiv;13;AS;38.110
941729746;KRONSTAD EIENDOM AS;Aktiv;;AS;68.100
816572932;HØGEBAKKEN EIENDOM AS;Aktiv;;AS;68.209
913917685;BO I GRATANGEN AS;Aktiv;;AS;68.209
932354551;NONSPACE AS;Aktiv;19;AS;74.102
913664191;BRANDPEOPLE AS;Aktiv;8;AS;74.903
911108860;SEV. DAHL & CO AS;Aktiv;;AS;68.100
990046468;AGROLINK AS;Aktiv;6;AS;01.130
929880188;BLIX BYGG AS;Aktiv;13;AS;41.200
915338011;PARK 34 AS;Aktiv;;AS;41.200
896232762;VANNKANTEN AS;Aktiv;;AS;68.209
816360552;VALLE EIE AS;Aktiv;;AS;69.201
993800139;ECIT SERVICES AS;Aktiv;254;AS;69.201
982961629;VESTFJORD BRØNNBÅTSERVICE AS;Aktiv;;AS;50.202
823422342;MYRE KYSTFISKE AS;Aktiv;;AS;03.111
980015033;ECIT HARESTUA AS;Aktiv;7;AS;69.201
916558880;ESSAL FH AS;Slettet;;AS;
962399223;TANNLEGEN I NESSET AS;Slettet;;AS;
998735211;VORNES KYSTFISKE AS;Aktiv;;AS;03.111
992801964;BILBERGING TROMS AS;Aktiv;;AS;52.219
924913177;VESTERÅLEN IKT AS;Aktiv;;AS;62.010
994641603;VIKT CONSULTING AS;Aktiv;6;AS;62.020
981337530;HARALD JOHANSEN EIENDOM AS;Aktiv;6;AS;68.209
979939949;JOH LUDV JOHANSEN EIENDOM AS;Slettet;;AS;
916885814;A JOSEFSENS EFTF AS;Aktiv;;AS;47.710
992396342;VILL & VAKKER MEDISPA AS;Aktiv;;AS;86.909
982913195;VESTMAR REGNSKAP AS;Aktiv;13;AS;69.201
915411150;FUNDANOR AS;Aktiv;;AS;46.739
989916513;S.THORBERGSEN HOLDING AS;Aktiv;;AS;00.000
916727941;BJUGN BILSERVICE AS;Aktiv;12;AS;45.200
994018175;NIKO EIENDOM AS;Aktiv;;AS;68.209
994883291;LANGSETH SERVICES AS;Aktiv;29;AS;69.201
947214489;KJELL HAVER REGNSKAPSSERVICE AS;Aktiv;35;AS;69.201
915583075;MOEN GRAVING OG UTLEIE AS;Aktiv;;AS;43.120
989958860;NARVIK BOWLING OG LEKELAND AS;Aktiv;9;AS;93.110
943592691;TØMMERVIKGRUPPEN AS;Aktiv;;AS;68.209
886040962;AKS FRISØR OG VELVÆRE AS;Aktiv;5;AS;96.020
883214072;HANSJA MASKIN & UTLEIE HANS J ARNTSEN;Aktiv;;ENK;43.120
911712148;GEOPROVIDER AS;Aktiv;24;AS;71.122
997516699;IQON AS;Aktiv;;AS;71.129
998547113;JORIDS LEFSEBAKERI AS;Aktiv;18;AS;10.710
998510228;BENONISEN FISKERI AS;Aktiv;;AS;03.111
996325660;MOHR AS;Aktiv;;AS;09.109
979897952;GEO-42 AS;Aktiv;;AS;71.122
997831918;GEOPROVIDER SEISMIC AS;Aktiv;;AS;71.122
913580648;INGENIØR GRANBERG AS;Aktiv;;AS;71.129
989480669;ADVOKATFIRMA BJØRN H. LARSEN AS;Aktiv;;AS;69.100
996086011;STEIG TRANSPORT AS;Aktiv;15;AS;49.410
991430741;FRONT FRISØR SANDGATA AS;Aktiv;;AS;96.020
916211627;PU FABRIKKEN AS;Aktiv;;AS;31.090
984285515;FUGLEFJELLET AS;Aktiv;10;AS;59.110
996707644;TRAC HOLDING AS;Aktiv;;AS;70.220
989767453;OA-TRADING Odd Arne Bøe;Aktiv;;ENK;49.320
995516691;FAGERNES BOLIGBYGG AS;Aktiv;;AS;77.390
914931118;EDEN AQUATECH AS;Aktiv;;AS;36.000
989821865;ODDGEIR PETTERSEN;Aktiv;;ENK;68.209
916171099;CRAIG ALIBONE CHOCOLATE AS;Aktiv;10;AS;10.710
874496782;FEIONOR ANS;Aktiv;;ANS;46.442
919255994;BRØDRENE JOBSEN AS;Aktiv;5;AS;43.120
911913119;DJUPVIKVEIEN 15 AS;Aktiv;;AS;68.209
980025616;HÅLOGALAND EIENDOMSUTVIKLING AS;Aktiv;;AS;68.209
916870345;NAVIDIUM AS;Slettet;;AS;
915569293;VESTMARKA INDUSTRIBYGG AS;Aktiv;;AS;68.209
928978508;BIL OG ANLEGGSSUPPORT DRIFT AS;UnderAvvikling;;AS;77.320
916603371;SILVANORD AS;Aktiv;;AS;02.400
975506339;NORSKE GRAFIKERES FOND;Aktiv;;ANNA;94.992
916998341;MONICA HELLEM PHOTOGRAPHY AS;Aktiv;;AS;74.200
995496763;RUNELINVEST AS;Slettet;;AS;
888401652;ADWICE SORTLAND AS;Slettet;;AS;
996256553;VESTERÅLEN STORKJØKKENSENTER AS;Aktiv;6;AS;46.694
988768529;MØYSALEN TANNKLINIKK AS;Slettet;;AS;
916945671;A GREAT IDEA AS;Aktiv;;AS;70.220
978647618;OME SOLUTIONS AS;Aktiv;10;AS;69.201
976550420;HEMNES MEK VERKSTED AS;Aktiv;5;AS;25.110
916612672;FAGKONSULENTENE AS;Aktiv;;AS;70.220
916884427;SANDSØY EIENDOM AS;Aktiv;;AS;68.209
912295044;ANER HOLDING AS;Aktiv;;AS;68.209
912381226;3A EIENDOM 1 AS;Aktiv;;AS;68.209
912381307;3A EIENDOM 2 AS;Aktiv;;AS;68.209
912381277;3A EIENDOM 3 AS;Aktiv;;AS;68.209
912755061;3A EIENDOM 4 AS;Aktiv;;AS;68.209
883391322;AANERUD BAKERI AS;Aktiv;40;AS;10.710
915816614;TO BAKERE AS;Aktiv;13;AS;10.710
921320787;NDS AS;Slettet;;AS;
916882424;JLK OFFSHORE AS;Aktiv;18;AS;78.200
914600650;ARCTICTOUCH AS;Aktiv;;AS;55.202
814084922;TROND OLSEN MUR & FLIS AS;Aktiv;;AS;43.990
914344484;CUBE IT AS;Aktiv;;AS;62.020
947839381;BANKTROLLET BARNEHAGE SA;Aktiv;13;SA;88.911
996276783;SLYNGSTAD EIENDOM AS;Slettet;;AS;
971282185;NAKHOLMEN VEL;Aktiv;;FLI;94.991
916885830;DAGH CONSULTING AS;Aktiv;;AS;70.220
916997868;ARCTIC TRIAL RACING AS;Aktiv;;AS;74.903
996980685;BÆRUM MUR OG FLIS AS;Aktiv;31;AS;43.990
970990534;FOSENLAST AS;Aktiv;;AS;49.410
917095019;ABK TEKNIKK AS;Konkurs;;AS;74.909
989132644;BGH INVEST AS;Aktiv;;AS;45.112
983540384;SALG OG SERVICEPARTNER Eirik Michaelsen;Aktiv;;ENK;68.209
988455474;DJUPDALEN NEDRE VELFORENING;Aktiv;;FLI;94.991
913452763;VESTERÅLEN HAGESERVICE-RUNE HANSEN;Slettet;;ENK;
968349082;NARVIK FORELDRELAGSBARNEHAGE SA;Aktiv;18;SA;88.911
916847947;FOT & HELSE AS;Aktiv;;AS;96.040
992361115;WV EIENDOM AS;Aktiv;;AS;88.911
990034168;BALLSTADVÆRING AS;Aktiv;;AS;03.111
997597079;STRAUMVÆRING AS;Aktiv;;AS;03.111
984246757;NESODDEN DYREKLINIKK AS;Aktiv;;AS;75.000
992067357;NORSENGA EIENDOM AS;Aktiv;;AS;47.521
976504720;OPPLÆRINGSKONTORET FOR INDUSTRIFAG INNLANDET;Aktiv;;FLI;85.609
913856406;FA SÁPMI;Aktiv;;FLI;93.120
917134693;IPHONELEGEN AS;Slettet;;AS;
999014313;GMI HOLDING GRATANGEN AS;Aktiv;;AS;28.920
816809932;ANTI AS;Aktiv;59;AS;74.102
919294922;LIA MASKIN OG TRANSPORT AS;Konkurs;;AS;49.410
914389151;FOOD LOUNGE AS;Aktiv;11;AS;56.101
994271954;KONGENSGATE 24 ÅLESUND AS;Aktiv;;AS;68.209
997244346;BYGDA 2.0 AS;Aktiv;;AS;41.109
917145806;GMV SERVICE AS;Aktiv;12;AS;33.150
913014030;FUSA AUTO AS;Aktiv;14;AS;45.200
917091358;CUTFAB AS;Aktiv;12;AS;31.090
917070970;NO PAIN NO GAIN AS;Aktiv;;AS;73.110
936025609;MAGNAR NILSEN CONSULTING AS;Aktiv;6;AS;69.201
914454131;NORPRO BYGG AS;UnderAvvikling;;AS;41.200
916273584;HEMMINGODDEN LOFOTEN FISHING LODGE AS;Aktiv;18;AS;55.202
986312161;GRUNN OG BETONG BODØ AS;Aktiv;8;AS;43.120
884321832;STOKKØY UTBYGGING AS;Aktiv;;AS;41.109
934040996;SEV DAHL INVEST AS;Slettet;;AS;
987078278;SEV. DAHL 1867 AS;Aktiv;;AS;68.100
914780659;GODFOTEN FOTTERAPI AS;Aktiv;;AS;86.909
991375317;SIMPLIFY AS;Slettet;;AS;
917195161;ARCTIC AVIATION AS;Aktiv;29;AS;51.210
983182615;SAMEIET TORGHALLEN;Aktiv;;ESEK;
999591450;NORDMEGLER AS;Aktiv;8;AS;68.310
989034014;DINO H AS;Aktiv;;AS;68.209
917146594;REINERT AS;Aktiv;;AS;00.000
987709227;NORSK FAMILIEØKONOMI HOLDING AS;Aktiv;;AS;82.990
971494042;HÅLOGALAND AMATØRTEATERSELSKAP (HATS);Aktiv;28;FLI;94.991
993513938;FOLLO BARNELEGE AS;Slettet;;AS;
917193452;MIWELL NORGE AS;Aktiv;;AS;70.220
993800139;ECIT SERVICES AS;Aktiv;254;AS;69.201
993800139;ECIT SERVICES AS;Aktiv;254;AS;69.201
817156452;VIPCAR AS;Aktiv;;AS;77.110
919495324;ECIT NORMANN & ØYGARDEN AS;Aktiv;27;AS;69.201
982734878;SUNSHINE RENHOLD AS;Aktiv;;AS;81.210
993800139;ECIT SERVICES AS;Aktiv;254;AS;69.201
982009936;MAGIC NORTH AS;Aktiv;56;AS;93.291
980386465;POWEROFFICE AS;Aktiv;92;AS;58.290
916348797;NARVIK SJÅFØRSKOLE ROGER DANIELSEN;Aktiv;;ENK;85.530
963240910;FDVKONSULT AS;Aktiv;;AS;68.209
986041508;SJØHOLT TANNKLINIKK AS;Aktiv;9;AS;86.230
929694554;FRISIKT IT AS;Aktiv;9;AS;62.020
947817418;NETWORKING AS;Aktiv;;AS;68.209
916620721;PROSJEKT OG INVESTERINGSPARTNER AS;Aktiv;;AS;68.209
816655552;GLOEN KB INVEST AS;Slettet;;AS;
917213895;AR HOLDING AS;Aktiv;;AS;43.120
919726687;EKVATEK AS;Aktiv;22;AS;37.000
970075070;SVEINUNG OLSEN;Aktiv;;ENK;41.200
917219796;NARVIK COMPOSITE AS;Aktiv;;AS;71.129
917377766;TEISTEN AS;Aktiv;;AS;03.111
916336152;FDVCOMPAGNIET AS;Aktiv;14;AS;71.121
983255388;OSLO IDRETTSLAG SVØMMING;Aktiv;358;FLI;93.120
879738342;BRAATHEN & PARTNERS AS;Aktiv;13;AS;69.201
917234884;NYE KJERRINGØY RORBUSENTER AS;Aktiv;;AS;55.202
989137336;RUNE HILDE INVEST AS;Aktiv;;AS;86.230
925701572;TINGHOLMEN EIENDOM AS;Aktiv;;AS;68.209
977236487;VADSØ RENGJØRING AS;Aktiv;8;AS;81.210
993569976;SKALATION AS;Aktiv;;AS;70.220
916669313;STEIGEN INVESTERINGSSELSKAP AS;Aktiv;;AS;68.209
815043782;INPROG AS;Slettet;;AS;
996117375;BRØDRENE JACOBSEN EIENDOM AS;Aktiv;;AS;68.209
981617770;STALL BERGAN AS;Aktiv;6;AS;47.789
916155697;GAMLE ILSTAD GÅRD AS;Aktiv;;AS;88.999
983043526;DÆLENGENGT 24 AS;Aktiv;;AS;68.209
919234814;STORMYRVEIEN 37 AS;Aktiv;;AS;46.499
929809556;NORDTRO AS;Aktiv;27;AS;88.993
917439869;PROMOTIONS.NO AS;Aktiv;5;AS;73.110
987698772;FRISØRBUA AS;Aktiv;5;AS;96.020
965569928;ÅSANE ALLIANSEIDRETTSLAG;Aktiv;;FLI;93.120
996447200;HANS KRISTIAN STADHEIM COACHING OG TRENING;Aktiv;;ENK;85.510
866754802;AASUM BIL AS;Aktiv;6;AS;45.200
971494050;GRANBUSKA BARNEHAGE SA;Aktiv;10;SA;88.911
847514582;Gudm. Haugstvedt A/S.;Aktiv;;AS;41.200
911268469;E N EDIASSEN AS;Aktiv;6;AS;47.772
812830732;ECIT OS AS;Aktiv;12;AS;69.201
915904874;JR SERVICE NARVIK AS;UnderAvvikling;;AS;45.200
899541642;SAGENE BRYGGERI AS;Aktiv;13;AS;11.050
916926014;STORSKJÆRET AS;Aktiv;;AS;68.209
982069483;NORSK FAMILIEØKONOMI AS;Aktiv;;AS;82.990
997509781;STAGEGAARD-LANGKLOPP AS;Aktiv;;AS;43.320
995373068;YVIA;Aktiv;5;FLI;94.120
993800139;ECIT SERVICES AS;Aktiv;254;AS;69.201
991033319;FORFENGELIGHETEN AS;Aktiv;5;AS;47.710
979949642;TOTEN ANLEGG OG TRANSPORT AS;Aktiv;25;AS;43.990
817372902;LANGVIK MASKIN AS;Aktiv;10;AS;43.120
912686086;STORE ELVEGATE 25 AS;Aktiv;;AS;68.320
917427038;LOFOTEN GLASS AS;Aktiv;;AS;23.130
883759702;FDVHUSET AS;Aktiv;18;AS;62.010
970918876;TN DEKOR AS;Aktiv;;AS;25.990
988816493;VALBJØRN EIENDOM AS;Aktiv;;AS;68.209
976505689;STEIN ERIK STUBMO;Aktiv;;ENK;69.201
917485097;MJ MASKINSERVICE AS;Aktiv;5;AS;33.120
917400164;AVON LIVE NIDAROS AS;Aktiv;;AS;90.020
974473372;NORDTEK AS;Aktiv;;AS;68.209
987774223;ALFA ØKONOMI AS;Aktiv;11;AS;69.201
984718667;SENTRUMSGÅRDEN EIGEDOM AS;Aktiv;;AS;68.209
915361420;ALFATEAM AS;Aktiv;;AS;70.220
987865245;HUNA SAND AS;Aktiv;;AS;08.120
998455030;WÆRHOLM ØKONOMI AS;Aktiv;;AS;00.000
917338728;IDE MØBLER FAUSKE AS;Aktiv;6;AS;47.591
912186385;HÅLANDSDAL VEKST SA;Aktiv;10;SA;85.201
915529224;WABI SABI AS;Aktiv;5;AS;32.120
812178792;T&R HAUGEN MASKIN AS;Aktiv;7;AS;43.120
988383902;CENTRUM - TANNKLINIKK AS;Aktiv;6;AS;86.230
916585756;RALLARSERVICE AS;Konkurs;;AS;42.120
917513961;NORDIC MOBILITY AS;Aktiv;;AS;62.020
993230901;CHIRITA BETONGREHABILITERING AS;Aktiv;;AS;43.990
920377777;LAVIK DEKKSERVICE AS;Aktiv;;AS;45.320
994306618;GROVASTØYLEN AS;Aktiv;;AS;79.903
916584911;SØSTRENE LAVIK AS;Aktiv;;AS;47.112
916860315;DENTALESTETIC AS;Aktiv;;AS;86.211
993800139;ECIT SERVICES AS;Aktiv;254;AS;69.201
911833190;BØNNER I BYEN AS;Aktiv;7;AS;10.830
816273242;TROMSØ SOSIALE ENTREPRENØRSKAP AS;Aktiv;;AS;56.101
996460673;PROSJEKTRÅDGIVEREN AS;UnderAvvikling;;AS;71.121
917257434;HAKI MOTE AS;Aktiv;;AS;47.710
877465772;ZAHLFJØSEN AS;Aktiv;;AS;68.209
957232167;FJORDESIGN AS;Slettet;;AS;
913406818;CAERUS ARCHITECTS AS;Aktiv;7;AS;71.112
996946088;HÅRTUPPAN AS;Slettet;;AS;
999156142;AIR-PRODUCT NORGE AS;Aktiv;;AS;46.740
997082680;JOHANSEN RØRLEGGERSERVICE AS;Aktiv;;AS;43.221
991074651;PENTHOUSE MIRADORES AS;Aktiv;;AS;68.209
917546355;2KVIK BYGG AS;Aktiv;7;AS;41.200
915109012;STATSNAIL AS;Aktiv;11;AS;03.111
987563540;SENTRUM ØKONOMI AS;Aktiv;;AS;70.220
981304772;KVANTEK AS;Aktiv;5;AS;71.129
917572003;MEDIAGENTEN AS;Aktiv;;AS;74.102
953487748;SALGSUTVIKLING AS;Aktiv;;AS;70.210
995340984;BÅT & FRITID AS;Aktiv;;AS;47.642
989161245;HEIMVIK HOLDING AS;Aktiv;;AS;68.100
914813433;ALFA NOR REGNSKAP AS;Aktiv;12;AS;69.201
989455087;HYDRA REGNSKAP AS;Slettet;;AS;
913515781;JK KROGNES AS;Aktiv;;AS;69.201
992768061;BHL DA;Aktiv;28;DA;69.202
998891752;GISLERUD CARPETS AS;Aktiv;;AS;47.919
916901054;MINIMAX LAGER AS;Aktiv;;AS;68.209
916616031;KYST-REVISJON AS;Aktiv;;AS;00.000
990311153;BILPLEIEHALLEN AS;Aktiv;18;AS;45.200
992803533;HOLMØY INVEST AS;Aktiv;;AS;00.000
992803622;KH INVEST AS;Aktiv;;AS;64.308
989491067;DITEC NORGE AS;Aktiv;;AS;45.320
917525978;ALPHA KONSULENT AS;Aktiv;;AS;70.220
998341302;BODØ CONTAINERUTLEIE AS;Aktiv;29;AS;77.390
917533458;ABSEC AS;Aktiv;;AS;46.510
913630254;LAVIK KRO AS;Aktiv;13;AS;56.101
992518715;VISIT BODØ;Aktiv;6;FLI;79.901
993527270;OSLO RØR & SANITÆR AS;Aktiv;7;AS;43.221
999561594;GULLFJELL CONSULTING AS;Aktiv;;AS;70.220
967822760;FENISTRA AS;Slettet;;AS;
928461904;JM FØRE AS;Aktiv;24;AS;43.911
912801373;DITEC HOLDING AS;Aktiv;;AS;45.320
988390275;GJH AS;Aktiv;;AS;45.200
990494878;AG EIENDOMSINVEST AS;Aktiv;;AS;68.209
897645262;UTSYN INDUSTRIER AS;Aktiv;;AS;77.320
992803576;BOK-HOLDING AS;Aktiv;;AS;64.308
988107131;AG HOLDING AS;Aktiv;;AS;68.209
986692029;NORKONTOR AS;Aktiv;;AS;46.650
928091678;STRANDVIK TRANSPORT OG MASKIN AS;Aktiv;28;AS;49.410
930916935;FUSA ELEKTRO AS;Aktiv;15;AS;43.210
915860257;HEARTMAKERMUSIC AS;Aktiv;;AS;90.032
985866406;SELJEBO SELJESTADVEGEN 7;Aktiv;;ESEK;
976299272;ATLAS HELSE OG MILJØTJENESTER AS;Aktiv;;AS;86.211
997923472;TAKSTTEAM VESTERÅLEN AS;Aktiv;5;AS;74.901
916974841;PEDAL HOLDING AS;Aktiv;;AS;64.308
815450132;MEDIER24 AS;Aktiv;21;AS;58.130
998484839;HÅREK SALONG AS;Slettet;;AS;
916196059;GRØNNE FRISØRER AS;Slettet;;AS;
911839962;AKTIVITETSDOSETTEN AS;Slettet;;AS;
917882282;LINN FURNES HUDPLEIE;Slettet;;ENK;
996861589;BAGGFOSSEN MIKROKRAFT AS;Slettet;;AS;
989060341;ORIAN AS;Aktiv;;AS;25.620
912610160;HAMMER & KOLAAS AS;Konkurs;;AS;68.209
913630696;REKNA AS;Slettet;;AS;
911802929;FMK HOLDING AS;Aktiv;;AS;68.100
979598165;WELL INTERVENTION MANAGEMENT AS;Slettet;;AS;
964721602;NORSK HUNDEUTSTYR Karina Ingeborg Åmodt;Aktiv;;ENK;47.762
915634222;TINGVOLLFISK AS;Slettet;;AS;
918536108;SNEKKERGUTTA AS;Aktiv;8;AS;41.200
886659792;WALLBOX AS;Aktiv;;AS;46.520
915887872;BOTNGAARD BIOPROTIX AS;Slettet;;AS;
998201292;ROME PROSJEKT AS;Slettet;;AS;
999248861;MS BYGG AS;Konkurs;;AS;41.200
937114184;MOLTE AS;Konkurs;;AS;59.120
980029441;KAFFERIET AS;Konkurs;;AS;56.101
914280737;SVISKEMASKIN AS;Slettet;;AS;
980436780;GJERDE DYKK OG INDUSTRISERVICE Jann Tore Gjerde;Aktiv;;ENK;09.109
915515770;SOLTOMTAR AS;Slettet;;AS;
919129425;GECO GROUP AS;Slettet;;AS;
985225702;URD KLIMA SERVICE OPPDAL AS;Slettet;;AS;
919605235;AUSTGULEN OG VASSENDEN AS;Slettet;;AS;
919665653;CHRISTIANIA BALKONGINNGLASSING AS;Slettet;;AS;
996786919;3T SENIOR NORGE AS;Aktiv;;AS;62.010
977243432;TERJE OLSEN;Aktiv;;ENK;59.110
918145982;LØPE AS;Aktiv;;AS;70.220
919930691;KSL AS;Aktiv;;AS;70.220
981869877;ALSTEN MØBELSENTER AS;Slettet;;AS;
913978617;FOLKEINVEST FORMIDLING AS;Aktiv;;AS;66.190
917767181;SENESA FOODS AS;Slettet;;AS;
919982306;BYGGTJENESTER NORD AS;Slettet;;AS;
975848590;DALEN LEGESENTER DA;Aktiv;5;DA;86.211
987297735;SELMER NORD AS;Aktiv;16;AS;56.102
974370964;KRISTIANSEN OG LANGÅKER TRANSPORT AS;Aktiv;;AS;49.410
990693633;ASTRID TRONDSEN AS;Aktiv;;AS;86.909
912800261;R. NIKOLAISEN AS;Slettet;;AS;
884580412;KRISTINA ALMESTAD EPF;Slettet;;ENK;
967008605;GJENGSTØ MASKINSTASJON;Aktiv;;ENK;49.410
993034320;ODD I. INVEST AS;Slettet;;AS;
914070317;POMODORO AS;Slettet;;AS;
911797259;PRINSDAL APOTEK AS;Slettet;;AS;
912456951;MINIMEIS AS;Slettet;;AS;
883983092;EIDE GÅRD Heggebø DØDSBU;Slettet;;ENK;
920271596;GRUBE BYGG OG MASKIN AS;UnderAvvikling;;AS;41.200
919909730;ISME FILM AS;UnderAvvikling;;AS;59.110
989211870;ROBUST INVEST AS;Aktiv;;AS;71.121
916998236;WRH AS;Aktiv;;AS;62.010
919090502;JK. HOLTER HOLDING AS;Slettet;;AS;
883098692;GAUTE HESTHAGEN;Aktiv;;ENK;90.011
917330212;GILDEFJELL AS;Aktiv;;AS;43.120
997050568;FAGHOLDING AS;Slettet;;AS;
920692834;SOLHAUG UTVIKLING AS;Aktiv;;AS;41.109
995469987;TORPTECH AS;Aktiv;;AS;70.220
914384729;NORD OG NED AS;Aktiv;;AS;62.020
921041527;RØFSDALSKRAFT EIGARSELSKAP AS;Slettet;;AS;
936757499;TINDE DESIGN & TRYKK AS;Slettet;;AS;
920933963;ÅSEN APOTEK AS;Slettet;;AS;
986189734;PELISTER AS;Aktiv;;AS;81.109
982744288;LASSE KRISTIANSEN ALT INNEN BYGG;Slettet;;ENK;
916283636;GRY ANDERSEN VELVÆRE;Aktiv;;ENK;96.020
920597033;SS FISK AS;Slettet;;AS;
992254467;SLUTT AS;Slettet;;AS;
995497212;STOR-OSLO GRUNNENTREPRISE AS;Konkurs;;AS;43.120
984600127;SAGA MEDIA SERVICE Per Lund;Aktiv;;ENK;62.020
815265262;ÅSTORP GÅRD ANS;Aktiv;;ANS;68.209
920610447;BAHR EIENDOM AS;Aktiv;;AS;68.209
921560192;AKTIV BOLIGFORNYING AS;Aktiv;;AS;43.320
988024325;MCO BYGG AS;Slettet;;AS;
989810375;TØMRER DUDA;Aktiv;;ENK;41.200
920069797;SIA EXPRESS ANDREASSEN;Slettet;;ENK;
914456975;BØMLO FISKEREDSKAP AS;Slettet;;AS;
912434443;SPONDYLOARTRITTFORBUNDET NORGE;Aktiv;;FLI;94.991
984698119;DOCUMED AS;Slettet;;AS;
998076676;BARN OG BABY AS;Slettet;;AS;
994674439;GLAMITEC AS;Slettet;;AS;
892581762;SAMEIET ØVRE STORGATE 26;Aktiv;;ESEK;68.320
918108858;STRANDGATEN 72-74 AS;Aktiv;;AS;68.209
920904297;NYSKAPENDE TECHNOLOGI AS;UnderAvvikling;;AS;71.129
999539912;ISTYRELSEN HOLDING AS;Aktiv;;AS;70.220
921726317;SRS MASKIN & UTSTYRSALG AS;Aktiv;;AS;46.140
916610904;RÅKK HUSET AS;Aktiv;;AS;55.101
920794157;HAULOTTE SCANDINAVIA AB;Slettet;;NUF;
821568242;VAMO AS;Aktiv;6;AS;03.111
921782306;RAVN PROFIL AS;Slettet;;AS;
921785127;EVIL INVESTMENT CORP AS;Aktiv;;AS;64.308
980252256;MAT OG ATFERD;Aktiv;;FLI;94.991
997892372;VADSØ FJORDHOTELL AS;Slettet;;AS;
911722003;CODA FORMS AS;Slettet;;AS;
920202640;NORDLYS TRAFIKKSENTER AS;Slettet;;AS;
919667265;BRASS TACKS AS;Slettet;;AS;
957216145;STIG-HARALD KILE;Aktiv;;ENK;49.320
915053920;INNLAGVEIEN 2 AS;Aktiv;;AS;68.209
921552742;STERG AS;Aktiv;;AS;41.109
915203280;BELL CONSULTING AS;Aktiv;;AS;70.220
915946291;HYDLA AKTIV AS;Slettet;;AS;
995101882;MIA SKAGEFOSS;Slettet;;ENK;
982446333;BYGGMESTER KOMPANIET AS;Slettet;;AS;
